<?xml version="1.0" encoding="utf-8"?>
<feed xmlns="http://www.w3.org/2005/Atom"
    xmlns:rdf="http://www.w3.org/1999/02/22-rdf-syntax-ns#"
    xmlns:leap2="http://terms.leapspecs.org/"
    xmlns:categories="http://wiki.leapspecs.org/2A/categories/"
    xmlns:portfolio="https://eportfolio.u-pec.fr/export/leap/2954/1632476843/"
    xmlns:mahara="http://wiki.mahara.org/Developer_Area/Import%2F%2FExport/LEAP_Extensions#"
>
    <leap2:version>http://www.leapspecs.org/2010-07/2A/</leap2:version>
    <id>https://eportfolio.u-pec.fr/export/2954/1632476843</id>
    <title>Mahara Leap2A Export for THEOTIME BOUCHEZ, 24/09/2021 11:47</title>
    <updated>2021-09-24T11:11:23+02:00</updated>
    <generator uri="https://mahara.org/" version="2008122400">Mahara</generator>
    <author>
        <name>THEOTIME BOUCHEZ</name>
        <email>theotime.bouchez@etu.u-pec.fr</email>
        <uri>portfolio:artefactinternal</uri>
    </author>

    <entry>
        <title>Profile page</title>
        <id>portfolio:view23872</id>

        <updated>2021-09-24T11:11:33+02:00</updated>
        <published>2021-09-24T09:09:11+02:00</published>
        <summary>Your profile page is what others see when they click on your name or profile picture.</summary>
        <content type="xhtml"><div xmlns="http://www.w3.org/1999/xhtml"><div><div id="user_row_1" class="clearfix">
    <div class="row-content">
    <div id="user_row_1_column_1" class="column-layout columns2 first col-width-50" style="width:48%;">
    <div class="column-content">
        <div class="bt-profileinfo panel panel-secondary clearfix" id="user_blockinstance_98906">
            <h3 class="title panel-heading js-heading">
            

            About me
            


            

        </h3>
    

    <div class="block" id="user_blockinstance_98906_target">
        <div class="panel-body flush">



    <ul class="unstyled profile-info"><li><strong>Nom préféré:</strong> Theotime Bouchez</li>
            
                                    <li><strong>Identifiant étudiant:</strong> u32103801</li>
            
                                    <li><strong>Nom:</strong> BOUCHEZ</li>
            
                                    <li><strong>Prénom:</strong> THEOTIME</li>
            
        
    </ul></div>


        
    </div>
</div>
<div class="bt-myviews panel panel-secondary clearfix" id="user_blockinstance_98905">
            <h3 class="title panel-heading js-heading">
            

            My portfolios
            


            

        </h3>
    

    <div class="block" id="user_blockinstance_98905_target">
            <div class="list-group">
        <div id="user_myviewlist" class="list-group">
                <div class="list-group-item">
        <a href="https://eportfolio.u-pec.fr/view/view.php?id=23902" class="outer-link">
            <span class="sr-only">Découverte de Mahara</span>
        </a>

        <h4 class="title list-group-item-heading text-inline">
            <a href="https://eportfolio.u-pec.fr/view/view.php?id=23902">Découverte de Mahara</a>
        </h4>

        
        
                <div class="list-group-item-text text-small">
            Mes premiers pas sur Mahara
        </div>
        

        
    </div>


        </div>
            <div id="user_myviews_page_container" class="hidden"><div id="user_myviews_pagination" class="pagination-wrapper center"><div class="lead text-small results pull-right">1 résultat</div></div></div>
    
        </div>




        
    </div>
</div>
<div class="bt-mygroups panel panel-secondary clearfix" id="user_blockinstance_98904">
            <h3 class="title panel-heading js-heading">
            

            Mes groupes
            


            

        </h3>
    

    <div class="block" id="user_blockinstance_98904_target">
            <div class="panel-body">
        <p class="no-results-small">Affilié à aucun groupe</p>
    </div>



        
    </div>
</div>

    </div>
</div>
<div id="user_row_1_column_2" class="column-layout columns2 last col-width-50" style="width:48%;">
    <div class="column-content">
        <div class="bt-myfriends panel panel-secondary clearfix" id="user_blockinstance_98903">
            <h3 class="title panel-heading js-heading">
            

            Mes contacts
            


            

        </h3>
    

    <div class="block" id="user_blockinstance_98903_target">
        <div class="friends panel-body">
            <div class="lead text-small text-center">
            Essayez la <a href="https://eportfolio.u-pec.fr/user/find.php">recherche de contacts </a> pour étendre votre réseau !
        </div>
    

</div>


        
    </div>
</div>
<div class="bt-wall panel panel-secondary clearfix" id="user_blockinstance_98902">
            <h3 class="title panel-heading js-heading">
            

            Mur
            


            

        </h3>
    

    <div class="block" id="user_blockinstance_98902_target">
        <div id="user_wall-wrap" class="panel-form"><p class="metadata">Au maximum 1500 caractères par message.</p><div>Envoyer <span class="requiredmarker">*</span></div><div class="makeprivate checkbox form-group">Rendre votre message privé ? <div class="form-switch">    <div class="switch" style="width:61px;">            <span class="switch-inner"></span>            <span class="switch-indicator"></span>            <span class="state-label on">Yes</span>            <span class="state-label off">No</span>            </div></div></div><div class="form-group"></div></div><div id="user_wall" class="wall">
            <div class="lead text-small text-center">Aucun message à afficher sur le mur</div>
    
    
</div>
    <a href="https://eportfolio.u-pec.fr/blocktype/wall/wall.php?id=98902" class="detail-link link-blocktype"><span class="icon icon-arrow-circle-right"></span> Voir tout le mur</a>



        
    </div>
</div>

    </div>
</div>

    </div>
</div>
</div></div></content>
        <rdf:type rdf:resource="leap2:selection"/>

        <link rel="leap2:has_part" href="portfolio:artefact62942"/>
        <link rel="leap2:has_part" href="portfolio:artefact62941"/>
        <link rel="leap2:has_part" href="portfolio:artefact62940"/>
        <link rel="leap2:has_part" href="portfolio:artefact62939"/>


        <category term="Webpage" scheme="categories:selection_type#"/>





        <mahara:view mahara:layout="50,50" mahara:type="profile" mahara:ownerformat="6">
          <mahara:row>
            <mahara:column>
                <mahara:blockinstance mahara:blocktype="profileinfo" mahara:blocktitle="About me">
                    <mahara:fields>[[&quot;preferredname&quot;,&quot;studentid&quot;,&quot;lastname&quot;,&quot;firstname&quot;]]</mahara:fields>

                </mahara:blockinstance>
                <mahara:blockinstance mahara:blocktype="myviews" mahara:blocktitle="My pages">

                </mahara:blockinstance>
                <mahara:blockinstance mahara:blocktype="mygroups" mahara:blocktitle="My groups">

                </mahara:blockinstance>

            </mahara:column>
            <mahara:column>
                <mahara:blockinstance mahara:blocktype="myfriends" mahara:blocktitle="My friends">

                </mahara:blockinstance>
                <mahara:blockinstance mahara:blocktype="wall" mahara:blocktitle="Wall">

                </mahara:blockinstance>

            </mahara:column>

          </mahara:row>

        </mahara:view>
    </entry>

    <entry>
        <title>Dashboard page</title>
        <id>portfolio:view23873</id>

        <updated>2021-09-24T09:09:11+02:00</updated>
        <published>2021-09-24T09:09:11+02:00</published>

        <content type="xhtml"><div xmlns="http://www.w3.org/1999/xhtml"><div><div id="user_row_1" class="clearfix">
    <div class="row-content">
    <div id="user_row_1_column_1" class="column-layout columns2 first col-width-50" style="width:48%;">
    <div class="column-content">
        <div class="bt-newviews panel panel-secondary clearfix" id="user_blockinstance_98910">
            <h3 class="title panel-heading js-heading">
            

            Latest changes I can view
            


            

        </h3>
    

    <div class="block" id="user_blockinstance_98910_target">
        <div class="list-group">
        <div class="list-group-item">
        <h4 class="list-group-item-heading text-inline">
            <a href="https://eportfolio.u-pec.fr/view/view.php?id=23902">Découverte de Mahara</a>
        </h4>
        <span class="text-small text-midtone"></span>
                <div class="groupuserdate text-small">
                                            <a href="https://eportfolio.u-pec.fr/user/view.php?id=2954" class="text-link">
                    Theotime Bouchez
                </a>
            
        
            <span class="postedon text-midtone">
                -                     Mis à jour
                
                24 septembre 2021
            </span>
        </div>
                <p class="detail list-group-item-text text-small">
            Mes premiers pas sur Mahara
        </p>
        
    </div>
        <div class="list-group-item">
        <h4 class="list-group-item-heading text-inline">
            <a href="https://eportfolio.u-pec.fr/view/view.php?id=23896">Découverte de Mahara</a>
        </h4>
        <span class="text-small text-midtone"></span>
                <div class="groupuserdate text-small">
                                            <a href="https://eportfolio.u-pec.fr/user/view.php?id=2957" class="text-link">
                    Sinthuraj Sitchsapashan
                </a>
            
        
            <span class="postedon text-midtone">
                -                     Mis à jour
                
                24 septembre 2021
            </span>
        </div>
                <p class="detail list-group-item-text text-small">
            Mes premiers pas sur Mahara
        </p>
        
    </div>
        <div class="list-group-item">
        <h4 class="list-group-item-heading text-inline">
            <a href="https://eportfolio.u-pec.fr/view/view.php?id=23862">Decouverte de Mahara </a>
        </h4>
        <span class="text-small text-midtone"></span>
                <div class="groupuserdate text-small">
                                            <a href="https://eportfolio.u-pec.fr/user/view.php?id=2944" class="text-link">
                    Fabio Monte
                </a>
            
        
            <span class="postedon text-midtone">
                -                     Mis à jour
                
                23 septembre 2021
            </span>
        </div>
                <p class="detail list-group-item-text text-small">
            Mes premiers pas sur Mahara
        </p>
        
    </div>
        <div class="list-group-item">
        <h4 class="list-group-item-heading text-inline">
            <a href="https://eportfolio.u-pec.fr/view/view.php?id=23861">Découverte de Mahara</a>
        </h4>
        <span class="text-small text-midtone"></span>
                <div class="groupuserdate text-small">
                                            <a href="https://eportfolio.u-pec.fr/user/view.php?id=2947" class="text-link">
                    Kishanthan Ratnalingam
                </a>
            
        
            <span class="postedon text-midtone">
                -                     Mis à jour
                
                23 septembre 2021
            </span>
        </div>
                <p class="detail list-group-item-text text-small">
            Mes premiers pas sur Mahara !
        </p>
        
    </div>
        <div class="list-group-item">
        <h4 class="list-group-item-heading text-inline">
            <a href="https://eportfolio.u-pec.fr/view/view.php?id=23860">Decouverte de portfolio</a>
        </h4>
        <span class="text-small text-midtone"></span>
                <div class="groupuserdate text-small">
                                            <a href="https://eportfolio.u-pec.fr/user/view.php?id=2941" class="text-link">
                    Jananthan
                </a>
            
        
            <span class="postedon text-midtone">
                -                     Mis à jour
                
                23 septembre 2021
            </span>
        </div>
                <p class="detail list-group-item-text text-small">
            decouverte
        </p>
        
    </div>
    
</div>



        
    </div>
</div>
<div class="bt-myviews panel panel-secondary clearfix" id="user_blockinstance_98909">
            <h3 class="title panel-heading js-heading">
            

            My portfolios
            


            

        </h3>
    

    <div class="block" id="user_blockinstance_98909_target">
            <div class="list-group">
        <div id="user_myviewlist" class="list-group">
                <div class="list-group-item">
        <a href="https://eportfolio.u-pec.fr/view/view.php?id=23902" class="outer-link">
            <span class="sr-only">Découverte de Mahara</span>
        </a>

        <h4 class="title list-group-item-heading text-inline">
            <a href="https://eportfolio.u-pec.fr/view/view.php?id=23902">Découverte de Mahara</a>
        </h4>

        
        
                <div class="list-group-item-text text-small">
            Mes premiers pas sur Mahara
        </div>
        

        
    </div>


        </div>
            <div id="user_myviews_page_container" class="hidden"><div id="user_myviews_pagination" class="pagination-wrapper center"><div class="lead text-small results pull-right">1 résultat</div></div></div>
    
        </div>




        
    </div>
</div>

    </div>
</div>
<div id="user_row_1_column_2" class="column-layout columns2 last col-width-50" style="width:48%;">
    <div class="column-content">
        <div class="bt-inbox panel panel-secondary clearfix" id="user_blockinstance_98907">
            <h3 class="title panel-heading js-heading">
            

            Boîte de réception
            


            

        </h3>
    

    <div class="block" id="user_blockinstance_98907_target">
            <div id="user_inboxblock" class="inboxblock list-group">
                <div class="has-attachment panel-default collapsible list-group-item">
                            <a class="collapsed link-block" href="#message_content_viewaccess_46444">
                                            <span class="icon icon-wrench text-default left"></span>
                    
                    <span class="sr-only"></span>
                    Nouvel accès à la page « Découverte de Mahara »
                    <span class="icon icon-chevron-down collapse-indicator pull-right text-small"></span>
                </a>
            
            <div class="collapse" id="user_message_content_viewaccess_46444">
                                    <p class="content-text">Vous avez été ajouté à la liste d'accès de la page « Découverte de Mahara » par Sinthuraj Sitchsapashan</p>
                                        <a href="https://eportfolio.u-pec.fr/view/view.php?id=23896" class="text-small">
                        Page <span class="icon icon-arrow-right mls icon-sm"></span>
                    </a>
                    
                    
                
            </div>
        </div>
                <div class="has-attachment panel-default collapsible list-group-item">
                            <a class="collapsed link-block" href="#message_content_maharamessage_46404">
                                            <span class="icon icon-wrench text-default left"></span>
                    
                    <span class="sr-only"></span>
                    Institution membership confirmation
                    <span class="icon icon-chevron-down collapse-indicator pull-right text-small"></span>
                </a>
            
            <div class="collapse" id="user_message_content_maharamessage_46404">
                                    <p class="content-text">You have been added as a member of UPEC.</p>
                    
                    
                
            </div>
        </div>
        
    </div>
    



        
                            <a href="https://eportfolio.u-pec.fr/module/multirecipientnotification/inbox.php" class="detail-link link-blocktype"><span class="icon icon-link"></span> Description alternative du lien</a>
            
        
    </div>
</div>
<div class="bt-inbox panel panel-secondary clearfix" id="user_blockinstance_98908">
            <h3 class="title panel-heading js-heading">
            

            Sujets que je suis
            


            

        </h3>
    

    <div class="block" id="user_blockinstance_98908_target">
            <div class="panel-body">
        <p class="lead text-small">Pas de messages</p>
    </div>



        
                            <a href="https://eportfolio.u-pec.fr/module/multirecipientnotification/inbox.php" class="detail-link link-blocktype"><span class="icon icon-link"></span> Description alternative du lien</a>
            
        
    </div>
</div>

    </div>
</div>

    </div>
</div>
</div></div></content>
        <rdf:type rdf:resource="leap2:selection"/>



        <category term="Webpage" scheme="categories:selection_type#"/>





        <mahara:view mahara:layout="50,50" mahara:type="dashboard" mahara:ownerformat="6">
          <mahara:row>
            <mahara:column>
                <mahara:blockinstance mahara:blocktype="newviews" mahara:blocktitle="">
                    <mahara:limit>[5]</mahara:limit>

                </mahara:blockinstance>
                <mahara:blockinstance mahara:blocktype="myviews" mahara:blocktitle="">

                </mahara:blockinstance>

            </mahara:column>
            <mahara:column>
                <mahara:blockinstance mahara:blocktype="inbox" mahara:blocktitle="">
                    <mahara:feedback>[true]</mahara:feedback>
                    <mahara:groupmessage>[true]</mahara:groupmessage>
                    <mahara:institutionmessage>[true]</mahara:institutionmessage>
                    <mahara:maharamessage>[true]</mahara:maharamessage>
                    <mahara:usermessage>[true]</mahara:usermessage>
                    <mahara:viewaccess>[true]</mahara:viewaccess>
                    <mahara:watchlist>[true]</mahara:watchlist>
                    <mahara:maxitems>[&quot;5&quot;]</mahara:maxitems>
                    <mahara:wallpost>[true]</mahara:wallpost>

                </mahara:blockinstance>
                <mahara:blockinstance mahara:blocktype="inbox" mahara:blocktitle="">
                    <mahara:newpost>[true]</mahara:newpost>
                    <mahara:maxitems>[&quot;5&quot;]</mahara:maxitems>

                </mahara:blockinstance>

            </mahara:column>

          </mahara:row>

        </mahara:view>
    </entry>

    <entry>
        <title>Découverte de Mahara</title>
        <id>portfolio:view23902</id>

        <updated>2021-09-24T10:10:20+02:00</updated>
        <published>2021-09-24T09:09:00+02:00</published>
        <summary type="xhtml"><div xmlns="http://www.w3.org/1999/xhtml"><div><p>Mes premiers pas sur Mahara</p></div></div></summary>
        <content type="xhtml"><div xmlns="http://www.w3.org/1999/xhtml"><div><div id="user_row_1" class="clearfix">
    <div class="row-content">
    <div id="user_row_1_column_1" class="column-layout columns3 first col-width-33" style="width:31%;">
    <div class="column-content">
        <div class="bt-image panel panel-secondary clearfix collapsible" id="user_blockinstance_99262">
            <h3 class="title panel-heading js-heading">
                        <a href="#blockinstance_99262_target" class="outer-link"></a>
            

            Nezuko Chan
            


                        <span class="icon icon-chevron-up collapse-indicator pull-right"></span>
            

        </h3>
    

    <div class="block collapse in" id="user_blockinstance_99262_target">
        <div class="imageblock panel-body">
    <div class="image">
        <a href="https://eportfolio.u-pec.fr/artefact/artefact.php?artefact=63202&amp;view=23902">
            <img rel="leap2:has_part" href="portfolio:artefact63202" alt="" /></a>
    </div>

    
</div>

    <div class="comments pull-left">
        
                    <a class="addcomment link-blocktype" href="https://eportfolio.u-pec.fr/artefact/artefact.php?view=23902&amp;artefact=63202">
                <span class="icon icon-arrow-circle-right"></span>
                Ajouter un commentaire
            </a>
        
    </div>

    <div class="feedback modal modal-docked" id="user_feedbacktable_99262">
        <div class="modal-dialog modal-lg">
            <div class="modal-content">
                <div class="modal-header clearfix">
                    
                        <span class="times">×</span>
                        <span class="sr-only">Fermer</span>
                    
                    <h4 class="modal-title pull-left">
                        <span class="icon icon-lg icon-comments left"></span>
                        Commentaires - kamado_nezuko_18296.jpg
                    </h4>
                                        <a class="addcomment pull-right" href="https://eportfolio.u-pec.fr/artefact/artefact.php?view=23902&amp;artefact=63202">
                        Ajouter un commentaire
                        <span class="icon icon-arrow-right right"></span>
                    </a>
                    
                </div>
                <div class="modal-body flush">
                
<div class="list-group list-group-lite">

</div>

                </div>
            </div>
        </div>
    </div>




        
                            <a href="https://eportfolio.u-pec.fr/artefact/artefact.php?artefact=63202&amp;view=23902&amp;block=99262" class="detail-link link-blocktype"><span class="icon icon-link"></span> Description alternative du lien</a>
            
        
    </div>
</div>

    </div>
</div>
<div id="user_row_1_column_2" class="column-layout columns3 col-width-33" style="width:31%;">
    <div class="column-content">
        <div class="bt-image panel panel-secondary clearfix collapsible" id="user_blockinstance_99038">
            <h3 class="title panel-heading js-heading">
                        <a href="#blockinstance_99038_target" class="outer-link"></a>
            

            Ma première image
            


                        <span class="icon icon-chevron-up collapse-indicator pull-right"></span>
            

        </h3>
    

    <div class="block collapse in" id="user_blockinstance_99038_target">
        <div class="imageblock panel-body">
    <div class="image">
        <a href="https://eportfolio.u-pec.fr/artefact/artefact.php?artefact=63032&amp;view=23902">
            <img rel="leap2:has_part" href="portfolio:artefact63032" alt="" /></a>
    </div>

    
</div>

    <div class="comments pull-left">
        
                    <a class="addcomment link-blocktype" href="https://eportfolio.u-pec.fr/artefact/artefact.php?view=23902&amp;artefact=63032">
                <span class="icon icon-arrow-circle-right"></span>
                Ajouter un commentaire
            </a>
        
    </div>

    <div class="feedback modal modal-docked" id="user_feedbacktable_99038">
        <div class="modal-dialog modal-lg">
            <div class="modal-content">
                <div class="modal-header clearfix">
                    
                        <span class="times">×</span>
                        <span class="sr-only">Fermer</span>
                    
                    <h4 class="modal-title pull-left">
                        <span class="icon icon-lg icon-comments left"></span>
                        Commentaires - 838_gettyimages-931262132.jpg
                    </h4>
                                        <a class="addcomment pull-right" href="https://eportfolio.u-pec.fr/artefact/artefact.php?view=23902&amp;artefact=63032">
                        Ajouter un commentaire
                        <span class="icon icon-arrow-right right"></span>
                    </a>
                    
                </div>
                <div class="modal-body flush">
                
<div class="list-group list-group-lite">

</div>

                </div>
            </div>
        </div>
    </div>




        
                            <a href="https://eportfolio.u-pec.fr/artefact/artefact.php?artefact=63032&amp;view=23902&amp;block=99038" class="detail-link link-blocktype"><span class="icon icon-link"></span> Description alternative du lien</a>
            
        
    </div>
</div>

    </div>
</div>
<div id="user_row_1_column_3" class="column-layout columns3 last col-width-33" style="width:31%;">
    <div class="column-content">
        
    </div>
</div>

    </div>
</div>
</div></div></content>
        <rdf:type rdf:resource="leap2:selection"/>

        <link rel="leap2:has_part" href="portfolio:artefact63202"/>
        <link rel="leap2:has_part" href="portfolio:artefact63032"/>


        <category term="Webpage" scheme="categories:selection_type#"/>





        <mahara:view mahara:layout="33,33,33" mahara:type="portfolio" mahara:ownerformat="6">
          <mahara:row>
            <mahara:column>
                <mahara:blockinstance mahara:blocktype="image" mahara:blocktitle="Nezuko Chan">
                    <mahara:artefactid>[&quot;portfolio:artefact63202&quot;]</mahara:artefactid>
                    <mahara:showdescription>[false]</mahara:showdescription>
                    <mahara:width>[&quot;&quot;]</mahara:width>
                    <mahara:retractable>[1]</mahara:retractable>
                    <mahara:retractedonload>[0]</mahara:retractedonload>

                </mahara:blockinstance>

            </mahara:column>
            <mahara:column>
                <mahara:blockinstance mahara:blocktype="image" mahara:blocktitle="Ma première image">
                    <mahara:artefactid>[&quot;portfolio:artefact63032&quot;]</mahara:artefactid>
                    <mahara:showdescription>[true]</mahara:showdescription>
                    <mahara:width>[&quot;&quot;]</mahara:width>
                    <mahara:retractable>[1]</mahara:retractable>
                    <mahara:retractedonload>[0]</mahara:retractedonload>

                </mahara:blockinstance>

            </mahara:column>
            <mahara:column>

            </mahara:column>

          </mahara:row>

        </mahara:view>
    </entry>

    <entry>
        <title>838_gettyimages-931262132.jpg</title>
        <id>portfolio:artefact63032</id>

        <updated>2021-09-24T09:09:53+02:00</updated>
        <published>2021-09-24T09:09:53+02:00</published>

        <content></content>
        <rdf:type rdf:resource="leap2:resource"/>
        <mahara:artefactplugin mahara:type="image" mahara:plugin="file"/>
        <link rel="enclosure" type="image/jpeg" href="files/0-838_gettyimages-931262132.jpg"/>
        <link rel="leap2:is_part_of" href="portfolio:view23902"/>


        <category term="Offline" scheme="categories:resource_type#" label="File"/>



    </entry>


    <entry>
        <title>kamado_nezuko_18296.jpg</title>
        <id>portfolio:artefact63202</id>

        <updated>2021-09-24T10:10:04+02:00</updated>
        <published>2021-09-24T10:10:04+02:00</published>

        <content></content>
        <rdf:type rdf:resource="leap2:resource"/>
        <mahara:artefactplugin mahara:type="image" mahara:plugin="file"/>
        <link rel="enclosure" type="image/jpeg" href="files/1-kamado_nezuko_18296.jpg"/>
        <link rel="leap2:is_part_of" href="portfolio:view23902"/>


        <category term="Offline" scheme="categories:resource_type#" label="File"/>



    </entry>


    <entry>
        <title>Historique de formation</title>
        <id>portfolio:artefact63238</id>

        <updated>2021-09-24T11:11:08+02:00</updated>
        <published>2021-09-24T10:10:21+02:00</published>

        <content></content>
        <rdf:type rdf:resource="leap2:selection"/>
        <mahara:artefactplugin mahara:type="educationhistory" mahara:plugin="resume"/>
        <link rel="leap2:has_part" href="portfolio:resumecomposite-63238-child-573" leap2:display_order="4"/>
        <link rel="leap2:has_part" href="portfolio:resumecomposite-63238-child-579" leap2:display_order="1"/>
        <link rel="leap2:has_part" href="portfolio:resumecomposite-63238-child-572" leap2:display_order="2"/>
        <link rel="leap2:has_part" href="portfolio:resumecomposite-63238-child-571" leap2:display_order="3"/>


        <category term="Grouping" scheme="categories:selection_type#"/>



    </entry>


    <entry>
        <title>BUT</title>
        <id>portfolio:resumecomposite-63238-child-573</id>

        <updated>2021-09-24T11:11:08+02:00</updated>


        <content></content>
        <rdf:type rdf:resource="leap2:activity"/>
        <mahara:artefactplugin mahara:type="pseudo:educationhistory" mahara:plugin="resume"/>
        <link rel="leap2:is_part_of" href="portfolio:artefact63238" leap2:display_order="4"/>
        <link rel="leap2:supported_by" href="portfolio:resumesibling-63238-sibling-573-rel-supports"/>
        <link rel="leap2:supports" href="portfolio:resumesibling-63238-sibling-573-rel-supported_by"/>


        <category term="Education" scheme="categories:life_area#"/>






        <leap2:date leap2:point="start" leap2:label="2021"></leap2:date>

        <leap2:date leap2:point="end" leap2:label="2024"></leap2:date>

    </entry>

    <entry>
        <title>UPEC Vitry</title>
        <id>portfolio:resumesibling-63238-sibling-573-rel-supports</id>

        <updated>2021-09-24T11:11:08+02:00</updated>


        <content></content>
        <rdf:type rdf:resource="leap2:organization"/>
        <mahara:artefactplugin mahara:type="pseudo:educationhistory" mahara:plugin="resume"/>
        <link rel="leap2:supports" href="portfolio:resumecomposite-63238-child-573"/>










    </entry>

    <entry>
        <title>BUT RT</title>
        <id>portfolio:resumesibling-63238-sibling-573-rel-supported_by</id>

        <updated>2021-09-24T11:11:08+02:00</updated>


        <content>BUT</content>
        <rdf:type rdf:resource="leap2:achievement"/>
        <mahara:artefactplugin mahara:type="pseudo:educationhistory" mahara:plugin="resume"/>
        <link rel="leap2:supported_by" href="portfolio:resumecomposite-63238-child-573"/>










    </entry>

    <entry>
        <title>ES</title>
        <id>portfolio:resumecomposite-63238-child-579</id>

        <updated>2021-09-24T11:11:08+02:00</updated>


        <content>Première ES</content>
        <rdf:type rdf:resource="leap2:activity"/>
        <mahara:artefactplugin mahara:type="pseudo:educationhistory" mahara:plugin="resume"/>
        <link rel="leap2:is_part_of" href="portfolio:artefact63238" leap2:display_order="1"/>
        <link rel="leap2:supported_by" href="portfolio:resumesibling-63238-sibling-579-rel-supports"/>
        <link rel="leap2:supports" href="portfolio:resumesibling-63238-sibling-579-rel-supported_by"/>


        <category term="Education" scheme="categories:life_area#"/>






        <leap2:date leap2:point="start" leap2:label="2017"></leap2:date>

        <leap2:date leap2:point="end" leap2:label="2018"></leap2:date>

    </entry>

    <entry>
        <title>Lycée Françoise CABRINI</title>
        <id>portfolio:resumesibling-63238-sibling-579-rel-supports</id>

        <updated>2021-09-24T11:11:08+02:00</updated>


        <content></content>
        <rdf:type rdf:resource="leap2:organization"/>
        <mahara:artefactplugin mahara:type="pseudo:educationhistory" mahara:plugin="resume"/>
        <link rel="leap2:supports" href="portfolio:resumecomposite-63238-child-579"/>










    </entry>

    <entry>
        <title>Bac général</title>
        <id>portfolio:resumesibling-63238-sibling-579-rel-supported_by</id>

        <updated>2021-09-24T11:11:08+02:00</updated>


        <content>ES</content>
        <rdf:type rdf:resource="leap2:achievement"/>
        <mahara:artefactplugin mahara:type="pseudo:educationhistory" mahara:plugin="resume"/>
        <link rel="leap2:supported_by" href="portfolio:resumecomposite-63238-child-579"/>










    </entry>

    <entry>
        <title>BAC Technologique</title>
        <id>portfolio:resumecomposite-63238-child-572</id>

        <updated>2021-09-24T11:11:08+02:00</updated>


        <content>Bac STi2D spécialité EE (Energie et environnement)</content>
        <rdf:type rdf:resource="leap2:activity"/>
        <mahara:artefactplugin mahara:type="pseudo:educationhistory" mahara:plugin="resume"/>
        <link rel="leap2:is_part_of" href="portfolio:artefact63238" leap2:display_order="2"/>
        <link rel="leap2:supported_by" href="portfolio:resumesibling-63238-sibling-572-rel-supports"/>
        <link rel="leap2:supports" href="portfolio:resumesibling-63238-sibling-572-rel-supported_by"/>


        <category term="Education" scheme="categories:life_area#"/>






        <leap2:date leap2:point="start" leap2:label="2018"></leap2:date>

        <leap2:date leap2:point="end" leap2:label="2020"></leap2:date>

    </entry>

    <entry>
        <title>Lycée Françoise CABRINI</title>
        <id>portfolio:resumesibling-63238-sibling-572-rel-supports</id>

        <updated>2021-09-24T11:11:08+02:00</updated>


        <content></content>
        <rdf:type rdf:resource="leap2:organization"/>
        <mahara:artefactplugin mahara:type="pseudo:educationhistory" mahara:plugin="resume"/>
        <link rel="leap2:supports" href="portfolio:resumecomposite-63238-child-572"/>










    </entry>

    <entry>
        <title>Lycée Général et Technologique</title>
        <id>portfolio:resumesibling-63238-sibling-572-rel-supported_by</id>

        <updated>2021-09-24T11:11:08+02:00</updated>


        <content>BAC Technologique</content>
        <rdf:type rdf:resource="leap2:achievement"/>
        <mahara:artefactplugin mahara:type="pseudo:educationhistory" mahara:plugin="resume"/>
        <link rel="leap2:supported_by" href="portfolio:resumecomposite-63238-child-572"/>










    </entry>

    <entry>
        <title>Prépa intégrée</title>
        <id>portfolio:resumecomposite-63238-child-571</id>

        <updated>2021-09-24T11:11:08+02:00</updated>


        <content>Prépa intégrée </content>
        <rdf:type rdf:resource="leap2:activity"/>
        <mahara:artefactplugin mahara:type="pseudo:educationhistory" mahara:plugin="resume"/>
        <link rel="leap2:is_part_of" href="portfolio:artefact63238" leap2:display_order="3"/>
        <link rel="leap2:supported_by" href="portfolio:resumesibling-63238-sibling-571-rel-supports"/>
        <link rel="leap2:supports" href="portfolio:resumesibling-63238-sibling-571-rel-supported_by"/>


        <category term="Education" scheme="categories:life_area#"/>






        <leap2:date leap2:point="start" leap2:label="2020"></leap2:date>

        <leap2:date leap2:point="end" leap2:label="2021"></leap2:date>

    </entry>

    <entry>
        <title>ECE Paris</title>
        <id>portfolio:resumesibling-63238-sibling-571-rel-supports</id>

        <updated>2021-09-24T11:11:08+02:00</updated>


        <content></content>
        <rdf:type rdf:resource="leap2:organization"/>
        <mahara:artefactplugin mahara:type="pseudo:educationhistory" mahara:plugin="resume"/>
        <link rel="leap2:supports" href="portfolio:resumecomposite-63238-child-571"/>










    </entry>

    <entry>
        <title>Ecole d&#039;ingénieur</title>
        <id>portfolio:resumesibling-63238-sibling-571-rel-supported_by</id>

        <updated>2021-09-24T11:11:08+02:00</updated>


        <content>Prépa intégrée</content>
        <rdf:type rdf:resource="leap2:achievement"/>
        <mahara:artefactplugin mahara:type="pseudo:educationhistory" mahara:plugin="resume"/>
        <link rel="leap2:supported_by" href="portfolio:resumecomposite-63238-child-571"/>










    </entry>

    <entry>
        <title>Historique des emplois</title>
        <id>portfolio:artefact63251</id>

        <updated>2021-09-24T10:10:46+02:00</updated>
        <published>2021-09-24T10:10:07+02:00</published>

        <content></content>
        <rdf:type rdf:resource="leap2:selection"/>
        <mahara:artefactplugin mahara:type="employmenthistory" mahara:plugin="resume"/>
        <link rel="leap2:has_part" href="portfolio:resumecomposite-63251-child-431" leap2:display_order="1"/>


        <category term="Grouping" scheme="categories:selection_type#"/>



    </entry>


    <entry>
        <title>Employé de rayon</title>
        <id>portfolio:resumecomposite-63251-child-431</id>

        <updated>2021-09-24T10:10:46+02:00</updated>


        <content></content>
        <rdf:type rdf:resource="leap2:activity"/>
        <mahara:artefactplugin mahara:type="pseudo:employmenthistory" mahara:plugin="resume"/>
        <link rel="leap2:is_part_of" href="portfolio:artefact63251" leap2:display_order="1"/>
        <link rel="leap2:supported_by" href="portfolio:resumesibling-63251-sibling-431-rel-supports"/>


        <category term="Work" scheme="categories:life_area#"/>






        <leap2:date leap2:point="start" leap2:label="2021"></leap2:date>


    </entry>

    <entry>
        <title>O&#039;Circus (Marché Frais)</title>
        <id>portfolio:resumesibling-63251-sibling-431-rel-supports</id>

        <updated>2021-09-24T10:10:46+02:00</updated>


        <content></content>
        <rdf:type rdf:resource="leap2:organization"/>
        <mahara:artefactplugin mahara:type="pseudo:employmenthistory" mahara:plugin="resume"/>
        <link rel="leap2:supports" href="portfolio:resumecomposite-63251-child-431"/>










    </entry>

    <entry>
        <title>Certifications, accréditations et prix obtenus</title>
        <id>portfolio:artefact63254</id>

        <updated>2021-09-24T11:11:56+02:00</updated>
        <published>2021-09-24T10:10:31+02:00</published>

        <content></content>
        <rdf:type rdf:resource="leap2:selection"/>
        <mahara:artefactplugin mahara:type="certification" mahara:plugin="resume"/>
        <link rel="leap2:has_part" href="portfolio:resumecomposite-63254-child-186" leap2:display_order="1"/>
        <link rel="related" href="portfolio:63313"/>


        <category term="Grouping" scheme="categories:selection_type#"/>



    </entry>


    <entry>
        <title>Baccalauréat Technologique au lycée Françoise CABRINI</title>
        <id>portfolio:resumecomposite-63254-child-186</id>

        <updated>2021-09-24T11:11:56+02:00</updated>


        <content>BAC STi2D option EE</content>
        <rdf:type rdf:resource="leap2:achievement"/>
        <mahara:artefactplugin mahara:type="pseudo:certification" mahara:plugin="resume"/>
        <link rel="leap2:is_part_of" href="portfolio:artefact63254" leap2:display_order="1"/>









        <leap2:date leap2:point="end" leap2:label="2020"></leap2:date>

    </entry>

    <entry>
        <title>Compétences personnelles</title>
        <id>portfolio:artefact63255</id>

        <updated>2021-09-24T11:11:57+02:00</updated>
        <published>2021-09-24T10:10:43+02:00</published>

        <content type="xhtml"><div xmlns="http://www.w3.org/1999/xhtml"><div><p>Langage de programmation C, Arduino et Python</p>
<p>Batterie, Tennis, Ski, Snowboard, Football</p>
<p> </p></div></div></content>
        <rdf:type rdf:resource="leap2:ability"/>
        <mahara:artefactplugin mahara:type="personalskill" mahara:plugin="resume"/>





    </entry>


    <entry>
        <title>Compétences académiques</title>
        <id>portfolio:artefact63256</id>

        <updated>2021-09-24T11:11:56+02:00</updated>
        <published>2021-09-24T10:10:59+02:00</published>

        <content type="xhtml"><div xmlns="http://www.w3.org/1999/xhtml"><div><p>HTML et CSS</p>
<p>Système réseaux, télécoms, SHELL.</p></div></div></content>
        <rdf:type rdf:resource="leap2:ability"/>
        <mahara:artefactplugin mahara:type="academicskill" mahara:plugin="resume"/>





    </entry>


    <entry>
        <title>Objectifs personnels</title>
        <id>portfolio:artefact63262</id>

        <updated>2021-09-24T10:10:14+02:00</updated>
        <published>2021-09-24T10:10:17+02:00</published>

        <content type="xhtml"><div xmlns="http://www.w3.org/1999/xhtml"><div><p>Faire partie du top Européen puis mondiale sur Rocket League</p></div></div></content>
        <rdf:type rdf:resource="leap2:entry"/>
        <mahara:artefactplugin mahara:type="personalgoal" mahara:plugin="resume"/>





    </entry>


    <entry>
        <title>Objectifs académiques</title>
        <id>portfolio:artefact63266</id>

        <updated>2021-09-24T10:10:21+02:00</updated>
        <published>2021-09-24T10:10:08+02:00</published>

        <content type="xhtml"><div xmlns="http://www.w3.org/1999/xhtml"><div><p>Finir mon BUT (BAC+3)</p></div></div></content>
        <rdf:type rdf:resource="leap2:entry"/>
        <mahara:artefactplugin mahara:type="academicgoal" mahara:plugin="resume"/>





    </entry>


    <entry>
        <title>Compétences professionnelles</title>
        <id>portfolio:artefact63269</id>

        <updated>2021-09-24T11:11:44+02:00</updated>
        <published>2021-09-24T10:10:42+02:00</published>

        <content type="xhtml"><div xmlns="http://www.w3.org/1999/xhtml"><div><p>Je sais ranger des rayons alimentaires comme généraux. J'étais chef de rayon hygiène.</p>
<p> </p></div></div></content>
        <rdf:type rdf:resource="leap2:ability"/>
        <mahara:artefactplugin mahara:type="workskill" mahara:plugin="resume"/>





    </entry>


    <entry>
        <title>Objectifs de carrière</title>
        <id>portfolio:artefact63272</id>

        <updated>2021-09-24T10:10:20+02:00</updated>
        <published>2021-09-24T10:10:16+02:00</published>

        <content type="xhtml"><div xmlns="http://www.w3.org/1999/xhtml"><div><p>Je souhaite intégrer l'armée au bureau de la Cybersécurité, soit dans l'armée de terre soit au Ministère de la Défense</p></div></div></content>
        <rdf:type rdf:resource="leap2:entry"/>
        <mahara:artefactplugin mahara:type="careergoal" mahara:plugin="resume"/>





    </entry>


    <entry>
        <title>Centres d&#039;intérêt</title>
        <id>portfolio:artefact63277</id>

        <updated>2021-09-24T11:11:13+02:00</updated>
        <published>2021-09-24T10:10:59+02:00</published>

        <content type="xhtml"><div xmlns="http://www.w3.org/1999/xhtml"><div><p>Musique -&gt; Batterie (4 ans)</p>
<p>Jeux Vidéos -&gt; Valorant, CS-GO, League Of Legends, Rocket League, Rainbow Six Siege, Hearstones, Magic... (Sur PC)</p>
<p>Sports -&gt; Football 2 ans (postes : gardien / arrière gauche), Tennis (nv : 15/3), Ski (nv : Flèche : Argent / Chamois : Bronze ), Snowboard (nv : 3ème Snowboard)</p>
<p>Les voyages : Chine, Japon, USA, Angleterre, Autriche, Italie, Espagne, Portugal, Cambodge.</p>
<h3 class="title-3__inner"> </h3>
<p> </p></div></div></content>
        <rdf:type rdf:resource="leap2:entry"/>
        <mahara:artefactplugin mahara:type="interest" mahara:plugin="resume"/>





    </entry>


    <entry>
        <title>S.I.E.C -V4- Consultation des résultats du Baccalauréat Technologique - Session 2020.pdf</title>
        <id>portfolio:artefact63313</id>

        <updated>2021-09-24T10:10:17+02:00</updated>
        <published>2021-09-24T10:10:17+02:00</published>

        <content></content>
        <rdf:type rdf:resource="leap2:resource"/>
        <mahara:artefactplugin mahara:type="file" mahara:plugin="file"/>
        <link rel="enclosure" type="application/pdf" href="files/2-S.I.E.C -V4- Consultation des résultats du Baccalauréat Technologique - Session 2020.pdf"/>


        <category term="Offline" scheme="categories:resource_type#" label="File"/>



    </entry>


    <entry>
        <title>images</title>
        <id>portfolio:artefact63317</id>

        <updated>2021-09-24T10:10:48+02:00</updated>
        <published>2021-09-24T10:10:48+02:00</published>

        <content>Fichiers Image</content>
        <rdf:type rdf:resource="leap2:selection"/>
        <mahara:artefactplugin mahara:type="folder" mahara:plugin="file"/>
        <link rel="leap2:has_part" href="portfolio:artefact63318"/>


        <category term="Folder" scheme="categories:selection_type#"/>



    </entry>


    <entry>
        <title>koala.jpg</title>
        <id>portfolio:artefact63318</id>

        <updated>2021-09-24T10:10:48+02:00</updated>
        <published>2021-09-24T10:10:48+02:00</published>
        <summary type="">Télécharger une image pour le profil</summary>
        <content></content>
        <rdf:type rdf:resource="leap2:resource"/>
        <mahara:artefactplugin mahara:type="profileicon" mahara:plugin="file"/>
        <link rel="enclosure" type="image/jpeg" href="files/3-koala.jpg"/>
        <link rel="leap2:is_part_of" href="portfolio:artefact63317"/>
        <link rel="related" href="portfolio:artefactinternal"/>


        <category term="Offline" scheme="categories:resource_type#" label="File"/>



    </entry>


    <entry>
        <title>Lettre de motivation</title>
        <id>portfolio:artefact63512</id>

        <updated>2021-09-24T11:11:00+02:00</updated>
        <published>2021-09-24T11:11:00+02:00</published>

        <content type="xhtml"><div xmlns="http://www.w3.org/1999/xhtml"><div><p>Théotime BOUCHEZ      </p>
<p>13 rue des Glycines</p>
<p>93250, Villemomble</p>
<p>Téléphone : 06.46.28.30.93</p>
<p>Mail : theotimebouchez@gmail.com</p>
<p>                                                                                                                                             </p>
<p>                                              </p>
<p>Villemomble, le 21/01/2020</p>
<p> </p>
<p> </p>
<p> </p>
<p>Objet : Candidature pour un travail d’été.</p>
<p> </p>
<p>Madame, Monsieur,</p>
<p>Je suis actuellement jeune étudiant de 19 ans, je me permets de vous adresser ma candidature pour cet été au sein de votre entreprise.</p>
<p>Etudiant en Terminale STI2D, j’ai certaines connaissances dans les nouveautés technologiques. Je suis une personne sociable qui a un bon contact. Toujours à l’écoute de conseils pour évoluer et me perfectionner, je suis également disposé à entendre les critiques pour ne pas refaire les mêmes erreurs.</p>
<p>Actuellement je suis en BUT Réseaux et Télécoms à l’IUT Créteil-Vitry site de Vitry, je souhaite par la suite intégrer le ministère de la Défense dans un but de travailler en Cyber sécurité.</p>
<p>Mon premier stage, a été réalisé à la rédaction d’articles auprès du journal L’Equipe, aussi bien à l’écrit que sur internet mais aussi dans les émissions télévisées. Mon maître de stage était Sébastien Tarago.</p>
<p>Intégrer votre entreprise représente pour moi une expérience intéressante au sein d’un milieu professionnel commercial.</p>
<p>Je suis à votre écoute par mail ou par téléphone.</p>
<p>Veuillez agréer, l’expression de mes sincères salutations.</p></div></div></content>
        <rdf:type rdf:resource="leap2:entry"/>
        <mahara:artefactplugin mahara:type="coverletter" mahara:plugin="resume"/>





    </entry>


    <entry>
        <title>Theotime Bouchez</title>
        <id>portfolio:artefactinternal</id>

        <updated>2021-09-24T10:10:56+02:00</updated>


        <content></content>
        <rdf:type rdf:resource="leap2:person"/>
        <mahara:artefactplugin mahara:type="internal" mahara:plugin="internal"/>
        <link rel="related" href="portfolio:artefact63318"/>


        <category term="Self" scheme="categories:person_type#"/>





        <leap2:persondata
            mahara:artefactplugin="internal"
            mahara:artefacttype="email"
            leap2:field="email"

            leap2:label="Adresse de courriel"

        >theotime.bouchez@etu.u-pec.fr</leap2:persondata>
        <leap2:persondata
            mahara:artefactplugin="internal"
            mahara:artefacttype="firstname"
            leap2:field="legal_given_name"

            leap2:label="Prénom"

        >THEOTIME</leap2:persondata>
        <leap2:persondata
            mahara:artefactplugin="internal"
            mahara:artefacttype="homenumber"
            leap2:field="homephone"

            leap2:label="Téléphone privé"

        >0646283093</leap2:persondata>
        <leap2:persondata
            mahara:artefactplugin="internal"
            mahara:artefacttype="lastname"
            leap2:field="legal_family_name"

            leap2:label="Nom"

        >BOUCHEZ</leap2:persondata>
        <leap2:persondata
            mahara:artefactplugin="internal"
            mahara:artefacttype="mobilenumber"
            leap2:field="mobile"

            leap2:label="Téléphone mobile"

        >0646283093</leap2:persondata>
        <leap2:persondata
            mahara:artefactplugin="internal"
            mahara:artefacttype="preferredname"
            leap2:field="preferred_given_name"

            leap2:label="Nom préféré"

        >Theotime Bouchez</leap2:persondata>
        <leap2:persondata
            mahara:artefactplugin="internal"
            mahara:artefacttype="socialprofile"
            leap2:field="website"

            leap2:label="Twitch"

        >https://www.twitch.tv/ztred23</leap2:persondata>
        <leap2:persondata
            mahara:artefactplugin="internal"
            mahara:artefacttype="socialprofile"
            leap2:field="website"

            leap2:label="GitHub"

        >https://github.com/ztRed23</leap2:persondata>
        <leap2:persondata
            mahara:artefactplugin="internal"
            mahara:artefacttype="socialprofile"
            leap2:field="website"

            leap2:label="Linkedin"

        >www.linkedin.com/in/théotime-bouchez-2b22101a6</leap2:persondata>
        <leap2:persondata
            mahara:artefactplugin="internal"
            mahara:artefacttype="studentid"
            leap2:field="other"

            leap2:label="Identifiant étudiant"

        >u32103801</leap2:persondata>
        <leap2:persondata
            mahara:artefactplugin="resume"
            mahara:artefacttype="personalinformation/dateofbirth"
            leap2:field="dob"

            leap2:label="Date de naissance"

        >2001-03-01T00:12:00+01:00</leap2:persondata>
        <leap2:persondata
            mahara:artefactplugin="resume"
            mahara:artefacttype="personalinformation/placeofbirth"
            leap2:field="other" mahara:field="placeofbirth"

            leap2:label="Lieu de naissance"

        >Svay Rieng (Cambodge)</leap2:persondata>
        <leap2:persondata
            mahara:artefactplugin="resume"
            mahara:artefacttype="personalinformation/citizenship"
            leap2:field="other" mahara:field="citizenship"

            leap2:label="Citoyenneté"

        >Français</leap2:persondata>
        <leap2:persondata
            mahara:artefactplugin="resume"
            mahara:artefacttype="personalinformation/gender"
            leap2:field="gender"

            leap2:label="Sexe"

        >1</leap2:persondata>

        <leap2:spatial>
            <leap2:addressline mahara:artefacttype="city">Seine-Saint-Denis</leap2:addressline>
            <leap2:country mahara:artefacttype="country" leap2:countrycode="fra">France</leap2:country>
            <leap2:addressline mahara:artefacttype="town">Villemomble</leap2:addressline>

        </leap2:spatial>

    </entry>

</feed>
